Company Name,Official URL
Incrementum AG,https://www.incrementum.li/en/wealth-management/
Independance et Expansion AM,https://www.independance-am.com/en/
INDUNA,https://www.indunamusic.com/
INFIBA Vermögensverwaltungs AG,https://www.infiba.ch/en/Home.htm
Inflow s.r.o,https://www.inflow-business.cz/
Initium Corporate Services SA,https://initiumgroup.com/
Institut für Vermögensaufbau (IVA) AG,https://institut-va.de/
Institutional Trust Services BV,https://www.itstrust.nl/
Insurem Insurance Ltd,https://insureme.lk/
Integrale Luxembourg S.A.,https://www.monumentassurance.lu/integraleluxembourgportfoliotransferdocumentlibrary.pdf
INTER Krankenvesicherung AG,https://www.inter.de/
Intercorp S.A.-International Corporate Activities,https://www.intercorp.lu/
International Audit Services S.à r.l. - IAS,https://ias-audit.lu/
International Card Services B.V.,https://www.icscards.nl/
International Corporate Structuring - ICS,https://ics.mc/?lang=en
International Proximity,https://www.internationalproximity.com/
Internationales Bankhaus Bodensee Aktiengesellschaft,https://ibb-ag.com/en/
Invest Solutions GmbH,https://investasolutions.com/
Investify SA,https://www.investify.com/
IPConcept (Luxemburg) S.A.,https://www.ipconcept.com/ipc/en/index.html
iPRO - Investment Professionals Ltd.,https://ipro.mu/
ISF - Institut Deutsch-Schweizer Finanzdienstleistungen GmbH,https://www.isf-institut.de/
Israel Electric Corporation-LN ISR,https://iec-global.com/
ITC Luxembourg Sàrl ( Ex :Lucos Consulting S à r l ),
ITH Ioannou and Theodoulou,https://ith.com.cy/
I-Transfer Global Payments EP,https://online.i-transfer.es/en/
JDC Group AG,https://jdcgroup.de/en/homepage/
Jerusalem Insurance Co,https://jico.jo/
Jesmond Mizzi Financial Advisors Ltd.,https://www.jesmondmizzi.com/
Jinfa S.à r.l.,https://jinfa.tax/en/
JK Holdings Ltd,https://www.jkhd.co.jp/english/
Jonathan Mintoff Law Firm,https://mintoff.legal/
JSIC OZK-insurance AD,https://www.ozk.bg/en/article/37/general-information.html
JTC Corporate Services (Luxembourg) SARL,https://www.jtcgroup.com/offices/luxembourg/
Juanafil Consultants,https://juanafil.com.mt/
Jyske Bank A/S,https://jyskebank.com/
KAF Insurance,https://www.kaf.com.eg/
Kaiser Partner Privatbank AG,https://kaiserpartner.bank/
Kåpan Pensioner Försäkringsförening,https://www.kapan.se/in-english/
Karl Storz SE & Co. KG,https://www.karlstorz.com/
Kearney Curran & Company,https://www.kearneycurran.ie/
Klaverblad Schadeverzekerings­maatschappij N.V.,https://www.klaverblad.nl/
KÖBE Central European Mutual Insurance Association,https://www.euresa.org/en/members/kobe/
KOENER & MINES S.à r.l.(ex:Etude Robert Mines - Avocats à la Cour),https://rmavocats.eu/en/home/
Kohn Révision S.à r.l.,http://fiduciairekohn.lu/?lang=en
Korys Capital S.à r.l.,https://korys.be/
KPMG GLD & Associés,https://kpmg.com/mc/en/home/about/about-kpmg-gld-associes-monaco.html
"Kraemer, Schwab & Co. AG",https://kraemerschwab.com/en/
Kranz & Co. Asset Management SA,https://kranz.consulting/
Kreissparkasse Köln,https://www.ksk-koeln.de/de/home.html
Kreissparkasse München Starnberg Ebersberg,https://www.kskmse.de/en/home.html
Kuwait Insurance Co,https://www.kic-kw.com/
KV Associates SA,https://www.kvassociates.eu/
La Cité SARL - Knauf Manuela,https://windeurope.org/annual2024/registration/attendees/
"LA UNION ALCOYANA, S.A. DE SEGUROS Y REASEGUROS",https://unionalcoyana.com/en-US/
Lacuna (SICAV),https://lacunasustainable.com/
LAGAPIM SA,https://www.lagap.net/
LaLux - LA LUXEMBOURGEOISE-VIE SA,https://www.lalux.lu/en/customers
Landesbank Hessen-Thüringen Girozentrale,https://www.helaba.com/int/
Landewyck Holding,https://landewyck.com/
Landimmo Real Estate,https://www.landimmo.lu/en/
LCR Services AG,https://lcr-services.ch/en/
Lebensversicherung von 1871 a. G. München (LV 1871),https://www.lv1871.de/
Lentink,https://mbwlbuqs.elementor.cloud/
Leoniq S.à r.l.,https://leoniq.lu/en/
Leonteq Securities AG,https://www.leonteq.com/?language_id=1
Les Réviseurs Associés SAM (Cabinet Alain Rebuffel),https://monentreprise.gouv.mc/en/directories-and-networks/professions-in-monaco/professionals/chartered-accountant-and-authorised-accountant/chartered-accountant/taramazzo-pascale
Lev Insurance,https://www.lev-ins.com/en/
Lexis House,https://www.lexisnexis.com/en-us/gateway.page?srsltid=AfmBOop0AnR8aQ2m2vOb4c-Q540_YMey-F4gJjleS4L0-b9yW-WsX42R
